{
  "NameID": "RuntimeCodeRunner",
  "StartScriptPath": "CodeLoader.lua",
  "VersionMajor": 1,
  "VersionMinor": 1,
  "Installed": true,
  "Enabled": true,
  "ClearData": false,
  "Static": false,
  "Files": [
    "scripts/Mods/RuntimeCodeRunner/CodeLoader.lua",
    "scripts/Mods/RuntimeCodeRunner/RuntimeCode.lua",
  ],
  "Description": "Lets you run code in real-time\n\nUseful for calling one-off functions, modifying things in real-time, writing and testing code, inspecting public variables, and whatever else you can think of.",
  "AuthorURLs": ["https://github.com/JustSomeGuy1234", "https://www.youtube.com/@NotJustSomeGuy"],
  "Author": "Guy"
}